transcript	baseMean	log2FoldChange	lfcSE	stat	pvalue	padj	DomainType	Coverage_max	Subfamily_hits	Domains
HERVH-int_00033	191.8341071382162	2.6496602790569552	0.39184767990271285	6.761964954634432	1.3613263770951277e-11	1.4253087168185987e-8	NA	NA	NA	NA
HERVK3-int_00117	421.42934890246227	2.9167407081106576	0.4751472940217288	6.138603218010273	8.325021321545871e-10	3.443873054827167e-7	AP | DUT | ENV | GAG | RT	0.844	HERVK3	AP:0.84 | RT:0.56 | DUT:0.55 | GAG:0.47 | ENV:0.31
MER4B-int_00084	49.13504915708081	-3.7726650114647327	0.6173025215794132	-6.1115334533416386	9.86783110265664e-10	3.443873054827167e-7	NA	NA	NA	NA
HUERS-P3-int_00177	91.38100167640543	-2.572468676739632	0.42978252845028314	-5.985512454439415	2.1570961479447775e-9	5.646199167245455e-7	AP | GAG | RT	0.412	HUERS-P3	AP:0.41 | RT:0.41 | GAG:0.09
HERV35I-int_00158	568.6917122150445	3.1012336323450573	0.5283975493646215	5.869129476611268	4.380892256448178e-9	9.173588385002485e-7	NA	NA	NA	NA
HERVH-int_00304	22.853916682521938	8.01222081613668	1.376494640853661	5.820742470285056	5.8586782190143905e-9	1.022339349218011e-6	AP | GAG | RNaseH | RT	0.879	HERVH	RNaseH:0.88 | RT:0.64 | AP:0.47 | GAG:0.15
MER66-int_00274	690.8647197515342	4.7599484038957325	0.8365324950562082	5.690093848148604	1.2696956967810818e-8	1.8991019921854182e-6	ENV | GAG | INT	0.14	MER66	ENV:0.14 | GAG:0.12 | INT:0.11
HERVE_a-int_00149	1108.7010573285434	3.3982292554882583	0.6448513880267361	5.269786680442664	1.36582396471718e-7	1.6116468251445257e-5	ENV | GAG | INT | RNaseH | RT	0.993	HERVE_a	RNaseH:0.99 | RT:0.58 | INT:0.40 | GAG:0.33 | ENV:0.14
PRIMA41-int_00176	784.8377400940474	4.481522880502165	0.8508394829819732	5.267177852155593	1.3853697637345493e-7	1.6116468251445257e-5	ENV	0.324	PRIMA41	ENV:0.32
MER50-int_00226	1195.6713301991763	3.8480128721749005	0.7536223144690232	5.106023001569533	3.290096597410201e-7	3.4447311374884803e-5	ENV	0.653	MER50	ENV:0.65
HERVH-int_01349	14.235781671191777	4.062954866264517	0.8101181112077661	5.01526235502531	5.296114850354375e-7	4.620860206934192e-5	AP | ENV | GAG | RNaseH | RT	0.897	HERVH	AP:0.90 | RT:0.59 | RNaseH:0.36 | ENV:0.31 | GAG:0.09
HERVK3-int_00116	78.00251836935108	2.654153328293532	0.5275123645632851	5.031452353710879	4.86778092731134e-7	4.620860206934192e-5	NA	NA	NA	NA
HERV35I-int_00159	102.86374727564838	2.626610399530763	0.5290739468352396	4.964543076147205	6.88630013801556e-7	5.149968746073065e-5	ENV	0.186	HERV35I	ENV:0.19
MER51-int_00145	56.09640718101922	4.326674065409568	0.8707434864468112	4.968942211747295	6.73191271072119e-7	5.149968746073065e-5	NA	NA	NA	NA
LTR23-int_00045	33.78499657156846	-3.378209162501303	0.7043122125672927	-4.796465405856548	1.614898314796153e-6	1.1271990237277148e-4	NA	NA	NA	NA
MER52-int_00010	64.46334100836916	-3.104205963647727	0.6517199824801923	-4.7630977215618415	1.9064345862410706e-6	1.2475231323715006e-4	NA	NA	NA	NA
HERVH-int_00768	28.93802795686914	3.9191974449955698	0.8287053334482888	4.729301582611484	2.2529351305889003e-6	1.310457267625877e-4	AP | GAG | INT | RT	0.971	HERVH	AP:0.97 | RT:0.51 | INT:0.20 | GAG:0.13
HERVK3-int_00096	60.09593101233626	2.8085661857927615	0.5934468679996934	4.732632923414826	2.2162607518364966e-6	1.310457267625877e-4	DUT | GAG	0.507	HERVK3	DUT:0.51 | GAG:0.45
HERVH-int_00032	199.43774182489008	2.4628077458781874	0.5303697992333918	4.643567091184272	3.4244471980334532e-6	1.8870506401794871e-4	AP | INT | RNaseH | RT	0.75	HERVH	RNaseH:0.75 | AP:0.47 | INT:0.29 | RT:0.29
HERVK3-int_00095	190.2364600176333	3.0257637374754016	0.6556259291973237	4.615076376219309	3.92950782015837e-6	2.0570973438529066e-4	AP | DUT | ENV | INT | RNaseH | RT	0.833	HERVK3	AP:0.83 | RNaseH:0.65 | DUT:0.49 | INT:0.44 | RT:0.42 | ENV:0.11
HERVE_a-int_00080	64.00842887599867	-4.141134168443212	0.915299889819677	-4.524346844681753	6.058230402238653e-6	3.0204605862589856e-4	AP | ENV | GAG | INT | RNaseH | RT	1	HERVE_a	AP:1.00 | RNaseH:0.53 | ENV:0.43 | RT:0.32 | INT:0.25 | GAG:0.25
HERVH-int_00786	49.516931944931045	4.643977813576726	1.0356088196241238	4.484297280571893	7.315461514138428e-6	3.481494638774061e-4	AP | GAG | INT | RNaseH | RT	0.864	HERVH	RNaseH:0.86 | AP:0.72 | INT:0.23 | RT:0.20 | GAG:0.11
PRIMA41-int_00112	2154.3379694699847	2.5604760450803545	0.575933664161059	4.445782916353925	8.75723464273834e-6	3.98644550910741e-4	AP | INT | RNaseH | RT	0.864	PRIMA41	RNaseH:0.86 | INT:0.41 | AP:0.29 | RT:0.13
PRIMA41-int_00174	41.26968542572916	3.899063538382088	0.8892049683746213	4.384887261155536	1.1604586330368414e-5	5.062500786623221e-4	NA	NA	NA	NA
HERVL-int_00031	33.12160060034048	2.3824150614288047	0.5444759121279559	4.375611497885547	1.2109252412917637e-5	5.071354910529906e-4	NA	NA	NA	NA
HERVH-int_01368	11.918521943853595	-4.076687036655897	0.9449615197197778	-4.314130206979023	1.6023249330853732e-5	6.165906459419651e-4	AP | GAG | RT	0.794	HERVH	AP:0.79 | RT:0.37 | GAG:0.13
LTR25-int_00188	141.92833202945835	-1.9360376311011787	0.4486315175603268	-4.315429378723581	1.5929297232937715e-5	6.165906459419651e-4	NA	NA	NA	NA
MER51-int_00147	104.52402987875303	3.950774029165872	0.9171235935702656	4.307788019917713	1.648953016845752e-5	6.165906459419651e-4	NA	NA	NA	NA
HERVFH21-int_00085	20.853937138934608	3.5624433202959715	0.8423142034589887	4.229352070363637	2.3436532647101607e-5	8.461396441901857e-4	AP | GAG | INT | RNaseH | RT	0.983	HERVFH21	RT:0.98 | AP:0.84 | RNaseH:0.46 | INT:0.33 | GAG:0.09
HERVFH21-int_00084	10.077636721127366	4.310079517514212	1.0303707230172559	4.183037639979635	2.876397462293381e-5	0.00100386271434039	ENV	0.1	HERVFH21	ENV:0.10
HERV-Fc2-int_00049	13.973029425573143	3.4919492822494234	0.8557323918887376	4.080655722920731	4.4908830540967744e-5	0.0013434155878969494	AP | ENV | GAG | INT | RNaseH | RT	0.971	HERV-Fc2	AP:0.97 | RT:0.45 | INT:0.33 | RNaseH:0.28 | GAG:0.14 | ENV:0.10
HERV16-int_01094	41.58988822579816	2.3678183846968768	0.5771732026849901	4.102439915231453	4.088160395755652e-5	0.0013434155878969494	NA	NA	NA	NA
HERVH-int_00329	51.66921778535085	3.9044292963768146	0.9552347091277072	4.08740308436052	4.36228813512042e-5	0.0013434155878969494	AP | INT | RNaseH | RT	0.985	HERVH	AP:0.98 | RNaseH:0.55 | RT:0.51 | INT:0.20
HERVIP10FH-int_00328	1238.727522268146	5.209293339842314	1.2765790463859512	4.080666492678257	4.490674962458541e-5	0.0013434155878969494	NA	NA	NA	NA
MER50-int_00227	71.32293726165064	4.191026927324239	1.026408383756872	4.0831963121581225	4.442046731303171e-5	0.0013434155878969494	NA	NA	NA	NA
HERVE-int_00059	152.91851059173425	2.3552784180998767	0.5815351091298743	4.0501052836241955	5.1194594634820324e-5	0.0014889094606293576	AP | ENV | GAG | INT | RNaseH | RT	1	HERVE	AP:1.00 | RNaseH:1.00 | RT:1.00 | INT:0.62 | GAG:0.56 | ENV:0.49
HERVE_a-int_00094	23.42465005491592	3.40984897997322	0.8516923104544935	4.003616022027489	6.238158568812849e-5	0.001653077070899739	NA	NA	NA	NA
HERVH-int_00387	31.064729742071687	3.84737124217437	0.9589058214679727	4.012251418272229	6.014239617562495e-5	0.001653077070899739	AP | ENV | GAG | INT | RNaseH | RT	0.824	HERVH	AP:0.82 | RT:0.50 | RNaseH:0.43 | INT:0.18 | GAG:0.12 | ENV:0.09
MER31-int_00579	27.289831414853136	3.634124866012059	0.9047601616195236	4.016672064237404	5.902577141365845e-5	0.001653077070899739	NA	NA	NA	NA
MER66-int_00219	742.7520353269766	3.4190031560172383	0.8546007723931524	4.000702159960549	6.315480691116481e-5	0.001653077070899739	ENV	0.556	MER66	ENV:0.56
HERVIP10FH-int_00327	465.97763273116016	5.2503596468272375	1.3220964181764474	3.9712380841852664	7.150007946770526e-5	0.0018258678829923757	NA	NA	NA	NA
HERVK14C-int_00002	16.450210193597233	2.904376720355626	0.7423836081702638	3.912231747026282	9.144709224880993e-5	0.0022796453710596186	INT | RNaseH | RT	0.91	HERVK14C	RT:0.91 | RNaseH:0.48 | INT:0.32
HERV-Fc2-int_00010	8.382472010103175	3.599945246568623	0.9219024307431194	3.904909160144864	9.426078563481619e-5	0.0022951405246430827	NA	NA	NA	NA
HERVS71-int_00025	181.319049960827	-2.1388853146041504	0.5504984855893815	-3.8853609421181066	1.0217796626828647e-4	0.0024313711518839987	ENV | INT | RNaseH	0.386	HERVS71	RNaseH:0.39 | INT:0.27 | ENV:0.09
LTR43-int_00020	35.411080746154845	3.644594759546483	0.9465345150668725	3.850461553733192	1.1789543674751583e-4	0.002743033828325535	NA	NA	NA	NA
HERVK3-int_00038	87.257792699685	2.1896082041724414	0.571375717043431	3.8321688144230435	1.2701852852570975e-4	0.002891052160139524	AP | DUT | GAG | INT | RNaseH	0.811	HERVK3	AP:0.81 | DUT:0.69 | GAG:0.54 | RNaseH:0.40 | INT:0.29
MER50-int_00228	18.7838685182468	3.295817421236922	0.8642870062596928	3.8133367705017025	1.3710308816746114e-4	0.0030541900704538685	AP	0.516	MER50	AP:0.52
PRIMA41-int_00113	185.4592141037345	2.4845485644194145	0.6573040565854635	3.7799075473929777	1.5688660240252195e-4	0.00342208901490501	NA	NA	NA	NA
HERVIP10B3-int_00042	703.7931789638542	3.645507073586589	0.973009780855041	3.7466294227618837	1.7922655293240946e-4	0.0038295959371476064	ENV | GAG | INT	0.782	HERVIP10B3	ENV:0.78 | GAG:0.26 | INT:0.24
HERVK9-int_00163	9.74649947964722	3.1969076366266838	0.8552662958787933	3.7379090606415564	1.855570347966875e-4	0.0038855643086426364	AP | DUT | ENV | GAG | INT | RNaseH | RT	0.911	HERVK9	AP:0.91 | DUT:0.69 | RNaseH:0.52 | ENV:0.23 | GAG:0.22 | RT:0.20 | INT:0.15
MER65-int_00335	116.3208902096658	5.993596191444866	1.6522140115846873	3.627614915150266	2.8605147193438117e-4	0.00587246845324112	NA	NA	NA	NA
MER61-int_00404	17.528594182486778	3.9234501143524443	1.093780933816464	3.5870529399909965	3.3443644353596037e-4	0.006733749161195202	NA	NA	NA	NA
HERVE_a-int_00114	412.1194474742769	1.6698299376376728	0.4678142105145951	3.569429701164618	3.5775920135822743e-4	0.0070674317702276255	ENV | GAG	0.272	HERVE_a	ENV:0.27 | GAG:0.14
PABL_B-int_00230	144.367584348561	-1.4941308921933567	0.41975038672249554	-3.5595700193628486	3.714624866941148e-4	0.007202244880902559	GAG	0.313	PABL_B	GAG:0.31
HERVE_a-int_00014	455.3824107031408	1.2085689887703228	0.34058581244436265	3.5485006850300085	3.874309906164493e-4	0.007375277221371317	NA	NA	NA	NA
HERVL-int_00032	187.8426304335021	1.7101121654971871	0.4864610471918021	3.5154143900506862	4.390682946721258e-4	0.008209009009316353	DUT | INT | RNaseH | RT	0.577	HERVL	DUT:0.58 | RT:0.44 | RNaseH:0.33 | INT:0.15
HERVH-int_00707	47.77549840222231	3.750775503976147	1.0702527641481863	3.504569789138912	4.573456797208285e-4	0.008400718011714166	ENV | GAG | INT | RT	0.63	HERVH	RT:0.63 | ENV:0.13 | INT:0.10 | GAG:0.05
HERV3-int_00025	9.641265890580984	2.69868305954849	0.7822848865955909	3.449744595338959	5.611171511239743e-4	0.010129132021151744	ENV | INT	0.099	HERV3	ENV:0.10 | INT:0.10
Harlequin-int_00236	6.570105128460936	3.6498939465745432	1.0644650249283112	3.4288528613895544	6.061380387214258e-4	0.010756381805785302	ENV	0.277	Harlequin	ENV:0.28
HERVK-int_00077	38.18156678579876	-2.1824528298823407	0.6380806736744593	-3.420339966284264	6.254292208250204e-4	0.010838041573022521	AP | DUT | ENV | GAG | INT | ORFX | RNaseH | RT	1	HERVK	DUT:1.00 | GAG:1.00 | INT:1.00 | RNaseH:1.00 | ENV:0.99 | AP:0.82 | RT:0.59 | ORFX:0.18
PABL_B-int_00176	30.301328055591544	3.434529572903321	1.0049135899878123	3.4177362184394138	6.314427277501182e-4	0.010838041573022521	NA	NA	NA	NA
PRIMA41-int_00173	136.63216029477448	3.0629137493130276	0.9045954227058894	3.3859487594476487	7.093262702729693e-4	0.011978461370577401	RNaseH	0.493	PRIMA41	RNaseH:0.49
MLT-int_00054	47.399176336187445	1.7016131703139548	0.5043289604133301	3.3740143911612237	7.408049471684714e-4	0.012311472693418883	NA	NA	NA	NA
HERVH-int_00241	15.780991251643979	2.392033686020896	0.7169943135702614	3.336196174429618	8.493320796156178e-4	0.013894541989961746	AP | GAG | RT	0.824	HERVH	AP:0.82 | RT:0.37 | GAG:0.09
MER50-int_00113	346.062222060204	3.3079076411440833	0.9932849871039552	3.330270450164253	8.676166851850505e-4	0.013975302605980736	GAG	0.309	MER50	GAG:0.31
PABL_B-int_00232	167.68396116804098	-1.4851147822803894	0.4512651717555825	-3.2910024420957704	9.983104661685997e-4	0.015836834213310967	INT | RNaseH | RT	0.761	PABL_B	RT:0.76 | RNaseH:0.55 | INT:0.40
HERV17-int_00298	2237.559044064333	3.1535714884167056	0.9659849522051753	3.264617612539048	0.001096119452850057	0.016877015693147198	AP | ENV | GAG | INT | RNaseH | RT	0.993	HERV17	RNaseH:0.99 | ENV:0.95 | AP:0.41 | RT:0.35 | INT:0.26 | GAG:0.20
HERVH-int_00257	22.04026155499312	-3.075510860406404	0.9412895464849325	-3.2673377409653774	0.0010856407917956838	0.016877015693147198	AP | GAG | INT | RT	0.794	HERVH	AP:0.79 | RT:0.34 | INT:0.15 | GAG:0.13
HERVE_a-int_00091	31.966335708895446	1.7680954561155695	0.5610443485997271	3.151436175283541	0.001624696666141026	0.02465300593405296	AP | ENV | GAG | INT | RNaseH | RT	0.871	HERVE_a	RNaseH:0.87 | RT:0.57 | AP:0.40 | INT:0.39 | ENV:0.39 | GAG:0.18
HERV3-int_00040	31.36737984437752	2.92213863499344	0.931662122914021	3.136478947811761	0.0017098971227504677	0.02557517553599628	ENV | INT	0.215	HERV3	INT:0.21 | ENV:0.20
HERVP71A-int_00020	15.781831099817285	-1.6335109715710492	0.529678646454248	-3.0839660660402832	0.0020426089235330994	0.030121289337171196	AP | GAG	0.956	HERVP71A	AP:0.96 | GAG:0.07
HERVH-int_01170	19.240400653343396	-2.5124720853646587	0.815984156057981	-3.079069693586221	0.0020764809944028234	0.030166389306316776	AP | GAG | INT | RT	0.338	HERVH	AP:0.34 | INT:0.19 | RT:0.18 | GAG:0.09
HERVK3-int_00100	24.241239066269248	2.8623011452731135	0.9332040893603266	3.0671759563710275	0.0021609161394209723	0.030166389306316776	GAG | INT | RNaseH	0.494	HERVK3	INT:0.49 | GAG:0.47 | RNaseH:0.38
LTR25-int_00189	41.201012017720586	-1.5591567229376424	0.5080442506721756	-3.0689388195512035	0.0021482057942540434	0.030166389306316776	NA	NA	NA	NA
MER41-int_00491	42.860018363989916	1.6902364282472806	0.5501016486247743	3.07258927958639	0.002122103430397635	0.030166389306316776	NA	NA	NA	NA
HUERS-P3b-int_00100	19.53696514094673	-2.1721541614609743	0.7141135903574592	-3.041748806900136	0.0023520808784673964	0.032403008944149526	NA	NA	NA	NA
MER4-int_00349	31.630551302567728	-2.573651299760238	0.8473578702849682	-3.037266059610343	0.0023873463449623016	0.03246170939189	NA	NA	NA	NA
ERV3-16A3_I-int_01078	10.90606953991272	-2.01679144200123	0.6701707421280455	-3.009369575874283	0.002617904515343876	0.03469551933626631	NA	NA	NA	NA
HERVIP10FH-int_00195	30.846967546570394	2.8311797054528953	0.939976546409666	3.0119684541777856	0.002595595694206208	0.03469551933626631	INT | RNaseH	0.45	HERVIP10FH	RNaseH:0.45 | INT:0.16
HERVK13-int_00023	24.55445342221203	2.532050838782182	0.8470060093654419	2.9894130747421004	0.002795139670985636	0.03658139044402451	ENV	0.629	HERVK13	ENV:0.63
HERV35I-int_00160	30.86054361256323	2.1194261203927875	0.710944679312004	2.9811407020357765	0.0028717681509352944	0.037120262395422876	NA	NA	NA	NA
HERVK-int_00078	275.44953104449263	-2.243129969764676	0.7560718142142586	-2.9668213092903484	0.003008957789068264	0.038419253721396	NA	NA	NA	NA
PRIMA41-int_00175	76.38064342190415	3.5770324401633737	1.2145870758225175	2.945060515929671	0.0032289150207078796	0.04073101236965241	NA	NA	NA	NA
HERVE-int_00016	223.39769317208794	1.4925082260980942	0.5078906781174035	2.938640716207608	0.003296549741239681	0.04108913784616602	AP | ENV | GAG | INT | RNaseH | RT	1	HERVE	AP:1.00 | RT:0.75 | RNaseH:0.62 | ENV:0.62 | INT:0.41 | GAG:0.27
HERV9NC-int_00156	35.13413851376272	-2.2982623657467776	0.793532631454606	-2.8962417859664913	0.0037766129808473664	0.04557056010774001	AP | ENV | GAG | RNaseH | RT	0.971	HERV9NC	AP:0.97 | RT:0.75 | RNaseH:0.53 | GAG:0.24 | ENV:0.14
HERVH-int_00238	13.431283711571961	-1.9294684463793197	0.6659591223673024	-2.897277597941128	0.0037641652102798216	0.04557056010774001	AP | GAG | RT	0.412	HERVH	AP:0.41 | RT:0.36 | GAG:0.12
HERVIP10F-int_00022	18.216893609945693	1.5632105266555436	0.5398930882178401	2.895407555254361	0.0037866654530786825	0.04557056010774001	ENV	0.294	HERVIP10F	ENV:0.29
